ID;Label
Martinez Vera, C.R.;Martinez Vera, C.R.
Tzanetakis, I.E.;Tzanetakis, I.E.
Cao, X.E.;Cao, X.E.
Steendam, H.;Steendam, H.
Moreira, V.;Moreira, V.
Genta-Jouve, G.;Genta-Jouve, G.
Hernández Hernández, J.E.;Hernández Hernández, J.E.
Catagua-González, A.;Catagua-González, A.
Macy, M.W.;Macy, M.W.
Montiel, M.;Montiel, M.
Carral Couce, L.M.;Carral Couce, L.M.
Monsalve, C.;Monsalve, C.
Torres, J.P.;Torres, J.P.
Mandow, A.;Mandow, A.
Aguilera-Carrasco, C.A.;Aguilera-Carrasco, C.A.
Espinoza-Andaluz, M.;Espinoza-Andaluz, M.
Rivadeneira, R.E.;Rivadeneira, R.E.
Lippi, C.A.;Lippi, C.A.
Yánez-Pazmiño, W.;Yánez-Pazmiño, W.
Marin, I.;Marin, I.
Luzadis, V.A.;Luzadis, V.A.
Liao, M.;Liao, M.
Ryan, S.J.;Ryan, S.J.
Cobos, R.;Cobos, R.
Rohoden, K.;Rohoden, K.
Cordova Estrella, R.;Cordova Estrella, R.
Saraguro-Bravo, R.;Saraguro-Bravo, R.
Gallego, D.C.;Gallego, D.C.
Zambrano, O.;Zambrano, O.
Martínez-Gavara, A.;Martínez-Gavara, A.
Boets, P.;Boets, P.
Suarez, C.;Suarez, C.
Ahmed, S.;Ahmed, S.
Saraiva, E.;Saraiva, E.
Nacenta, M.A.;Nacenta, M.A.
Tatar, D.;Tatar, D.
Floreano, B.;Floreano, B.
Marjorie, C.T.;Marjorie, C.T.
Nieto-Librero, A.B.;Nieto-Librero, A.B.
Terán, L.;Terán, L.
Herrera, E.V.;Herrera, E.V.
Coronel, M.A.;Coronel, M.A.
Guingla, D.A.P.;Guingla, D.A.P.
Bedoya-Pilozo, C.H.;Bedoya-Pilozo, C.H.
Marcorin De Oliveira, A.;Marcorin De Oliveira, A.
Duval, E.;Duval, E.
Worsley, M.;Worsley, M.
Guaman, B.;Guaman, B.
Zurita, J.;Zurita, J.
Velasquez Vargas, W.A.;Velasquez Vargas, W.A.
Medina, W.;Medina, W.
Tibau, J.;Tibau, J.
Solorzano Alcivar, N.I.;Solorzano Alcivar, N.I.
Sandoya, F.;Sandoya, F.
Ramirez, A.D.;Ramirez, A.D.
Mora-Pinargote, C.;Mora-Pinargote, C.
Merrett, G.V.;Merrett, G.V.
Chalén, B.E.;Chalén, B.E.
Constantine, A.;Constantine, A.
Jordán, C.J.;Jordán, C.J.
Gobeyn, S.;Gobeyn, S.
Guale, A.;Guale, A.
Avila, N.J.P.;Avila, N.J.P.
Borbor-Cordova, M.J.;Borbor-Cordova, M.J.
Cornejo, M.;Cornejo, M.
Ricaurte, P.;Ricaurte, P.
Evans, H.I.;Evans, H.I.
Hamann, M.;Hamann, M.
Arcentales, D.;Arcentales, D.
Ochoa, K.;Ochoa, K.
Zambrano, D.;Zambrano, D.
Vasquez, M.;Vasquez, M.
Barra Junior, W.;Barra Junior, W.
Orellana Fantoni, C.;Orellana Fantoni, C.
Arancibia, C.S.;Arancibia, C.S.
De Laet, T.;De Laet, T.
Alomari, A.;Alomari, A.
Kondrath, N.;Kondrath, N.
Silvoni, S.;Silvoni, S.
Paredes, C.;Paredes, C.
Quimba, S.;Quimba, S.
Moyón, A.;Moyón, A.
Pazmiño, A.;Pazmiño, A.
Macarini, L.A.;Macarini, L.A.
San Lucas, C.;San Lucas, C.
Wong-Villacrés, M.;Wong-Villacrés, M.
Endara, I.;Endara, I.
López-Herrera, A.G.;López-Herrera, A.G.
Del Pino Espinoza, A.D.;Del Pino Espinoza, A.D.
Valencia, A.J.;Valencia, A.J.
Echeverria, V.;Echeverria, V.
Cipriano, D.;Cipriano, D.
Grohmann, J.;Grohmann, J.
Kumar, A.;Kumar, A.
González García, N.;González García, N.
González-Menéndez, L.;González-Menéndez, L.
Marcos, X.E.;Marcos, X.E.
Wong-Villacres, M.;Wong-Villacres, M.
Valencia, G.;Valencia, G.
Chothia, T.;Chothia, T.
Muñoz-Jadan, Y.;Muñoz-Jadan, Y.
Calero-Bravo, V.;Calero-Bravo, V.
Herrera Muentes, E.V.;Herrera Muentes, E.V.
Cordero, R.;Cordero, R.
Carrillo, W.;Carrillo, W.
Loayza, F.R.;Loayza, F.R.
Labbe, F.;Labbe, F.
Aguilera, C.A.;Aguilera, C.A.
Voigt, A.;Voigt, A.
Dik, D.;Dik, D.
Vaziri, V.;Vaziri, V.
Oyola, A.;Oyola, A.
Masjuan, M.E.G.;Masjuan, M.E.G.
Gaibor, J.;Gaibor, J.
Wildgruber, M.;Wildgruber, M.
Deng, X.;Deng, X.
Quercia, D.;Quercia, D.
Lascano, S.;Lascano, S.
Teran, E.;Teran, E.
Cervantes, D.;Cervantes, D.
Wu, J.;Wu, J.
Brito, E.G.M.;Brito, E.G.M.
Granda, R.;Granda, R.
Gaspar, J.;Gaspar, J.
Waggoner, E.;Waggoner, E.
Santos-Baquerizo, E.;Santos-Baquerizo, E.
Calderon, C.;Calderon, C.
Molinaro, M.;Molinaro, M.
Vargas, G.R.;Vargas, G.R.
Rendon, H.H.;Rendon, H.H.
Rayas, J.A.;Rayas, J.A.
Hayes, C.;Hayes, C.
Quelal, R.E.;Quelal, R.E.
Recalde-Coronel, G.;Recalde-Coronel, G.
Carrillo, G.;Carrillo, G.
Gautam, A.;Gautam, A.
Do, T.H.;Do, T.H.
Lowe, R.;Lowe, R.
Erickson, D.;Erickson, D.
Helguero, J.;Helguero, J.
Esparragoza, I.E.;Esparragoza, I.E.
Ricaurte, D.M.T.;Ricaurte, D.M.T.
León, M.;León, M.
Chicaiza, J.L.;Chicaiza, J.L.
Chávez, T.;Chávez, T.
Caicedo, G.;Caicedo, G.
Neto, A.F.;Neto, A.F.
Chaerle, L.;Chaerle, L.
Quiñonez, Y.;Quiñonez, Y.
Jungmann, D.;Jungmann, D.
Millan, M.E.;Millan, M.E.
Capel, M.I.;Capel, M.I.
Lóczi, L.;Lóczi, L.
García, J.;García, J.
González-Islas, C.;González-Islas, C.
Castro, L.M.;Castro, L.M.
Salazar, C.;Salazar, C.
Romero, C.;Romero, C.
Ludena, E.V.;Ludena, E.V.
Palese, P.;Palese, P.
Zambrano, A.Á.M.;Zambrano, A.Á.M.
Nasreddine, J.;Nasreddine, J.
Nunez, A.;Nunez, A.
Keller, K.E.;Keller, K.E.
García, C.;García, C.
Kim, J.;Kim, J.
Díaz, E.;Díaz, E.
Castro Cepero, L.;Castro Cepero, L.
Kuffó, L.;Kuffó, L.
Rodriguez, J.;Rodriguez, J.
Troia, S.;Troia, S.
Perez-Jimenez, R.;Perez-Jimenez, R.
Kadoch, M.;Kadoch, M.
Komatsu, D.E.;Komatsu, D.E.
Herman, H.S.;Herman, H.S.
Houghton, L.;Houghton, L.
Lumbreras, F.;Lumbreras, F.
Dye, M.;Dye, M.
Intriago, R.P.;Intriago, R.P.
Panchana, F.;Panchana, F.
Nunez-Idrovo, L.;Nunez-Idrovo, L.
Dueñas, D.;Dueñas, D.
Yánez-Pazmino, W.;Yánez-Pazmino, W.
Bastos, T.F.;Bastos, T.F.
Stewart Ibarra, A.M.;Stewart Ibarra, A.M.
De Pauw, N.;De Pauw, N.
Barra, H.M.;Barra, H.M.
Ullón, R.H.;Ullón, R.H.
Lin, W.;Lin, W.
Arce, V.;Arce, V.
Rodríguez, J.S.;Rodríguez, J.S.
Castells, J.;Castells, J.
Aguilera, F.J.;Aguilera, F.J.
Vásquez, G.;Vásquez, G.
Fuentes, J.L.;Fuentes, J.L.
Guerra, V.;Guerra, V.
Lynch, J.;Lynch, J.
Carlson, C.J.;Carlson, C.J.
Arana, R.C.;Arana, R.C.
Vargas, W.V.;Vargas, W.V.
Jácome, G.;Jácome, G.
Guillen, P.O.;Guillen, P.O.
Basurto, J.C.;Basurto, J.C.
Ivashyn, U.;Ivashyn, U.
Giménez, J.;Giménez, J.
Bouhaben, M.A.;Bouhaben, M.A.
Fogel, D.;Fogel, D.
Alcívar, N.S.;Alcívar, N.S.
Cruz, L.G.;Cruz, L.G.
Yue, Y.;Yue, Y.
Vandenheste, S.;Vandenheste, S.
Asanza, V.;Asanza, V.
Stewart-Ibarra, M.A.;Stewart-Ibarra, M.A.
Siguenza, D.;Siguenza, D.
Aguirre, A.;Aguirre, A.
Carvajal, R.;Carvajal, R.
Sanchez-Zurita, C.;Sanchez-Zurita, C.
Calero, V.;Calero, V.
Cadena, A.;Cadena, A.
Godoy, C.;Godoy, C.
Méndez, G.G.;Méndez, G.G.
Romero, D.;Romero, D.
Luz, S.;Luz, S.
Abran, A.;Abran, A.
Cortez, M.V.;Cortez, M.V.
Macías, V.;Macías, V.
Peláez, E.;Peláez, E.
Brzeski, P.;Brzeski, P.
Estrada-Cedeno, P.;Estrada-Cedeno, P.
Falcones, G.;Falcones, G.
Pilco, N.;Pilco, N.
Ponguillo, R.;Ponguillo, R.
Banks, D.;Banks, D.
Ramirez, E.A.;Ramirez, E.A.
Velasco, M.;Velasco, M.
Washington, V.V.;Washington, V.V.
Recalde, A.;Recalde, A.
Santos-Victor, J.;Santos-Victor, J.
Aelterman, J.;Aelterman, J.
Intriago, G.;Intriago, G.
Hammoud, R.I.;Hammoud, R.I.
Lopez, C.S.;Lopez, C.S.
Soria-Segarra, C.;Soria-Segarra, C.
Rojas Valdés, G.R.;Rojas Valdés, G.R.
De Medeiros, R.L.P.;De Medeiros, R.L.P.
Chiang, L.D.;Chiang, L.D.
Aviles, M.;Aviles, M.
Guaranda, M.-B.;Guaranda, M.-B.
Danos, E.;Danos, E.
Izquierdo, E.;Izquierdo, E.
Mera-Gomez, C.;Mera-Gomez, C.
Intriago, R.;Intriago, R.
Guerrero, E.;Guerrero, E.
Soto, L.M.;Soto, L.M.
Munoz-Arcentales, J.A.;Munoz-Arcentales, J.A.
Ferguson, R.;Ferguson, R.
Ternier, S.;Ternier, S.
Dias, P.;Dias, P.
Lozano, E.;Lozano, E.
Recalde, A.A.;Recalde, A.A.
Martińez, A.;Martińez, A.
Shrestha, C.;Shrestha, C.
Willnecker, F.;Willnecker, F.
Collaguazo-Jaramillo, A.;Collaguazo-Jaramillo, A.
Martin, R.R.;Martin, R.R.
Espinoza-Mina, M.A.;Espinoza-Mina, M.A.
Alruhaily, N.;Alruhaily, N.
Lachos, V.H.;Lachos, V.H.
Aguilar, C.;Aguilar, C.
Spikol, D.;Spikol, D.
Kenneson, A.;Kenneson, A.
De Keyser, R.;De Keyser, R.
Bajaña, B.;Bajaña, B.
Miller, L.H.;Miller, L.H.
Layedra, F.;Layedra, F.
Loor, M.;Loor, M.
Oliveira, M.;Oliveira, M.
Recalde-Coronel, G.C.;Recalde-Coronel, G.C.
Capote Lavandero, G.;Capote Lavandero, G.
Cerezo, A.G.;Cerezo, A.G.
Muñoz, G.Á.;Muñoz, G.Á.
Ferme, V.;Ferme, V.
Guarda, T.;Guarda, T.
Bahsoon, R.;Bahsoon, R.
Gómez, B.;Gómez, B.
Kuffo, L.;Kuffo, L.
Gonzalez-Dieguez, J.;Gonzalez-Dieguez, J.
Donoso, D.E.O.;Donoso, D.E.O.
Díaz-Trujillo, C.;Díaz-Trujillo, C.
Vargas, G.;Vargas, G.
Brusilovsky, P.;Brusilovsky, P.
Alcivar, N.I.S.;Alcivar, N.I.S.
Echeverría, V.;Echeverría, V.
Charco, J.L.;Charco, J.L.
Chavez, P.;Chavez, P.
Agusti, R.;Agusti, R.
Sirina, N.;Sirina, N.
Pinela, A.;Pinela, A.
Goode, A.W.;Goode, A.W.
De Sa, R.;De Sa, R.
De Waard, J.H.;De Waard, J.H.
Ordoñez, D.M.;Ordoñez, D.M.
Manouselis, N.;Manouselis, N.
Klerkx, J.;Klerkx, J.
Criollo, R.;Criollo, R.
Da Camargo, S.S.;Da Camargo, S.S.
Vera, F.;Vera, F.
García, S.;García, S.
Eyk, E.V.;Eyk, E.V.
Caio, R.;Caio, R.
Alves, M.S.;Alves, M.S.
Vaca Ruiz, C.;Vaca Ruiz, C.
Lopez, P.R.;Lopez, P.R.
Grafsgaard, J.F.;Grafsgaard, J.F.
Castelletti, A.;Castelletti, A.
Mac, T.T.;Mac, T.T.
Milazzotto, M.P.;Milazzotto, M.P.
Garcia, K.C.;Garcia, K.C.
Chalen, M.;Chalen, M.
Seipp, K.;Seipp, K.
Villagra, F.;Villagra, F.
Villavicencio, M.;Villavicencio, M.
Sacarelo, C.;Sacarelo, C.
Zambrano, H.;Zambrano, H.
Bravo, G.;Bravo, G.
Minda-Aluisa, E.;Minda-Aluisa, E.
Leyva-Grado, V.H.;Leyva-Grado, V.H.
Son, Y.-J.;Son, Y.-J.
Domínguez, F.;Domínguez, F.
Fernandez-Seara, M.A.;Fernandez-Seara, M.A.
Da Silva, B.;Da Silva, B.
Pesantez, J.;Pesantez, J.
De Tre, G.;De Tre, G.
Hernández, H.J.E.;Hernández, H.J.E.
Xie, Q.;Xie, Q.
Galarza Morales, C.;Galarza Morales, C.
Quinteros, M.F.;Quinteros, M.F.
Paynabar, K.;Paynabar, K.
Ochôa, X.;Ochôa, X.
Lee, A.;Lee, A.
Walter, J.;Walter, J.
Plaza, D.;Plaza, D.
Rivera, D.E.;Rivera, D.E.
Vaca, D.;Vaca, D.
Villalba, R.;Villalba, R.
Harlyn, P.O.;Harlyn, P.O.
Baykara, H.;Baykara, H.
Sappa, Á.D.;Sappa, Á.D.
Talluri, S.;Talluri, S.
Ordóñez, M.;Ordóñez, M.
Muñoz-Arcentales, A.;Muñoz-Arcentales, A.
Badano, I.;Badano, I.
Harrison, S.;Harrison, S.
Khan, F.;Khan, F.
Zabala Torrres, B.;Zabala Torrres, B.
Kolsteren, P.;Kolsteren, P.
Quelal, M.M.;Quelal, M.M.
Martí, R.;Martí, R.
Muñoz, L.;Muñoz, L.
Guingla, D.P.;Guingla, D.P.
Granda, M.L.;Granda, M.L.
Alvarez, J.;Alvarez, J.
Polhemus, M.E.;Polhemus, M.E.
Louzada, F.;Louzada, F.
Bayona, O.;Bayona, O.
Salvachúa, J.;Salvachúa, J.
Aguirre-Munizaga, M.;Aguirre-Munizaga, M.
Lucio, A.;Lucio, A.
Plaza Guingla, D.A.;Plaza Guingla, D.A.
Damanik-Ambarita, M.N.;Damanik-Ambarita, M.N.
Gomez, J.C.;Gomez, J.C.
Carvalho, L.D.P.;Carvalho, L.D.P.
Alonso, J.;Alonso, J.
Sundén, B.;Sundén, B.
Ionescu, C.M.;Ionescu, C.M.
Muylema Montes, J.V.;Muylema Montes, J.V.
Łuszczak, A.;Łuszczak, A.
Campana, F.;Campana, F.
Ezeta, J.H.;Ezeta, J.H.
Munoz-Arcentales, A.;Munoz-Arcentales, A.
Martinez, C.;Martinez, C.
Penafiel, D.;Penafiel, D.
Narvaez, R.B.;Narvaez, R.B.
Tello, J.A.;Tello, J.A.
Recalde, A.A.L.;Recalde, A.A.L.
Bruckman, A.;Bruckman, A.
De Araujo, R.B.;De Araujo, R.B.
Andersson, M.;Andersson, M.
Gómez, J.;Gómez, J.
Xie, D.-L.;Xie, D.-L.
Valarezo, E.;Valarezo, E.
Cuaical-Ramos, N.M.;Cuaical-Ramos, N.M.
Muñoz, Á.G.;Muñoz, Á.G.
Jimmy Banchon, Z.;Jimmy Banchon, Z.
Bat, T.;Bat, T.
Ehsan, U.;Ehsan, U.
Soatti, G.;Soatti, G.
Almeida, M.D.C.;Almeida, M.D.C.
Morales, D.;Morales, D.
Chavez-Burbano, P.;Chavez-Burbano, P.
Boza, E.F.;Boza, E.F.
Carrera, I.;Carrera, I.
Jimenes, K.;Jimenes, K.
Collaguazo Jaramillo, A.;Collaguazo Jaramillo, A.
Mora, H.;Mora, H.
Agustí, R.;Agustí, R.
Castro, S.J.;Castro, S.J.
Sola-Mora, J.;Sola-Mora, J.
Hernández, J.;Hernández, J.
François, M.;François, M.
Buman, M.P.;Buman, M.P.
Figueroa, S.;Figueroa, S.
Hill, C.;Hill, C.
Conati, C.;Conati, C.
Mantrach, A.;Mantrach, A.
Carrillo, G.E.;Carrillo, G.E.
Cedeño, J.;Cedeño, J.
Armijos, A.F.;Armijos, A.F.
Cordova-Garcia, J.;Cordova-Garcia, J.
Sicilia, M.-A.;Sicilia, M.-A.
Rios Orellana, S.J.;Rios Orellana, S.J.
Banks, D.L.;Banks, D.L.
Vaca-Urbano, F.;Vaca-Urbano, F.
Cordero, R.R.;Cordero, R.R.
Bereguiain, M.Á.G.;Bereguiain, M.Á.G.
Hidalgo-León, R.;Hidalgo-León, R.
Mor, G.;Mor, G.
Götz, T.;Götz, T.
Carneiro, G.;Carneiro, G.
Rodriguez, M.;Rodriguez, M.
Garcia-Bereguiain, M.A.;Garcia-Bereguiain, M.A.
Diaz, C.I.E.;Diaz, C.I.E.
Molina, K.G.;Molina, K.G.
Zhao, Y.;Zhao, Y.
Diaz-Boladeras, M.;Diaz-Boladeras, M.
Jimenez, A.;Jimenez, A.
Galarza, C.E.;Galarza, C.E.
García-Bereguiain, M.A.;García-Bereguiain, M.A.
Dominguez-Granda, L.;Dominguez-Granda, L.
Pentyala, S.;Pentyala, S.
Krammer, F.;Krammer, F.
Codina, R.;Codina, R.
Jativa, P.P.;Jativa, P.P.
Puente-Castro, S.;Puente-Castro, S.
Suárez-Riofrío, P.L.;Suárez-Riofrío, P.L.
Zapata, M.;Zapata, M.
Goethals, P.L.M.;Goethals, P.L.M.
Daniel, S.;Daniel, S.
Terranova, E.;Terranova, E.
Cukurova, M.;Cukurova, M.
Puente, S.C.;Puente, S.C.
Chavez, J.P.;Chavez, J.P.
Ruiz, C.V.;Ruiz, C.V.
Klasnja, P.;Klasnja, P.
González, G.;González, G.
Aceves, R.;Aceves, R.
Epstein, J.M.;Epstein, J.M.
Sanga, B.R.;Sanga, B.R.
Prieto, L.P.;Prieto, L.P.
Lucero, Y.;Lucero, Y.
Cevallos, Ó.L.V.;Cevallos, Ó.L.V.
Gonzalez-Lopez, V.A.;Gonzalez-Lopez, V.A.
Pal, J.;Pal, J.
Marcano Zamora, D.;Marcano Zamora, D.
Costa-Campuzano, J.;Costa-Campuzano, J.
De Vylder, J.;De Vylder, J.
Castro, C.A.;Castro, C.A.
de Waard, J.H.;de Waard, J.H.
Totoy, G.;Totoy, G.
Santos, V.;Santos, V.
Baran, B.;Baran, B.
Bruna De Lima, C.;Bruna De Lima, C.
Baidal, C.S.;Baidal, C.S.
Falcones, S.;Falcones, S.
Álvarez, M.;Álvarez, M.
Prado, S.M.M.;Prado, S.M.M.
Briones, J.M.;Briones, J.M.
Gholizadeh, R.;Gholizadeh, R.
Silva, M.;Silva, M.
Sanchez, C.;Sanchez, C.
Jaimes, A.;Jaimes, A.
Martinez, M.;Martinez, M.
Maier, G.;Maier, G.
Andrade, X.;Andrade, X.
Ortiz-Aviles, L.;Ortiz-Aviles, L.
Forio, M.A.E.;Forio, M.A.E.
Lucas Marcillo, K.E.;Lucas Marcillo, K.E.
Öztomsuk, A.;Öztomsuk, A.
Veriñaz Jadan, H.I.;Veriñaz Jadan, H.I.
Lopez, A.J.;Lopez, A.J.
Arévalo-Avecillas, D.;Arévalo-Avecillas, D.
Porras, F.;Porras, F.
Pilau, E.J.;Pilau, E.J.
Saerens, M.;Saerens, M.
Blazquez, F.;Blazquez, F.
Cordero, M.;Cordero, M.
Suárez, S.;Suárez, S.
Mauco, S.;Mauco, S.
Lim, G.H.;Lim, G.H.
Jiménez, D.M.;Jiménez, D.M.
Segarra, K.B.S.;Segarra, K.B.S.
Rizvandi, N.B.;Rizvandi, N.B.
Vásquez, A.;Vásquez, A.
Palavitsinis, N.;Palavitsinis, N.
Bosquez, C.;Bosquez, C.
Ortega, A.P.;Ortega, A.P.
Olaya, P.;Olaya, P.
Van Gheluwe, C.;Van Gheluwe, C.
Rousseaux, S.;Rousseaux, S.
Braga, D.P.A.F.;Braga, D.P.A.F.
Diaz, V.E.;Diaz, V.E.
Vuorikari, R.;Vuorikari, R.
Qiao, H.;Qiao, H.
Galarza, L.;Galarza, L.
Jurado-Verdu, C.;Jurado-Verdu, C.
Ionescu, C.;Ionescu, C.
De Paula Carvalho, L.;De Paula Carvalho, L.
Hurtado, K.;Hurtado, K.
Rizzoli, A.E.;Rizzoli, A.E.
Garzon, A.;Garzon, A.
Carrion, R.G.;Carrion, R.G.
Adragna, P.-A.;Adragna, P.-A.
Amato, A.;Amato, A.
Calabro, K.;Calabro, K.
Kema, G.H.J.;Kema, G.H.J.
Escobar, L.E.;Escobar, L.E.
Tapia-Rosero, A.;Tapia-Rosero, A.
Irving, V.C.;Irving, V.C.
Vintimilla, B.;Vintimilla, B.
De Castro Golcalves, A.P.;De Castro Golcalves, A.P.
Chong, K.;Chong, K.
Chávez, J.P.;Chávez, J.P.
Pino, R.;Pino, R.
Toledo, R.;Toledo, R.
Vial-Edwards, C.;Vial-Edwards, C.
Romero Frómeta, E.;Romero Frómeta, E.
Touhafi, A.;Touhafi, A.
Luu, H.;Luu, H.
Velasquez, F.;Velasquez, F.
Duarte, A.;Duarte, A.
Cruz, E.;Cruz, E.
Dos Santos, H.L.;Dos Santos, H.L.
Londono, J.;Londono, J.
Schreiter, J.;Schreiter, J.
Labbé, F.;Labbé, F.
Ullón, R.;Ullón, R.
Vaca Ruiz, C.K.;Vaca Ruiz, C.K.
Mustahsan, V.M.;Mustahsan, V.M.
Basantes, L.S.;Basantes, L.S.
Medina Magües, L.G.;Medina Magües, L.G.
Rivero, K.;Rivero, K.
Quijije, L.S.;Quijije, L.S.
Toniolo, A.;Toniolo, A.
Novillo, F.;Novillo, F.
Plaza, D.A.;Plaza, D.A.
Dìaz, E.;Dìaz, E.
Tovar, N.;Tovar, N.
Santos, J.;Santos, J.
Pavlovskaia, E.;Pavlovskaia, E.
Desiderio-Sanchez, K.;Desiderio-Sanchez, K.
Lachos Davila, V.;Lachos Davila, V.
Sharples, M.;Sharples, M.
Rampa, V.;Rampa, V.
Nichi, M.;Nichi, M.
Walker, S.;Walker, S.
Moreira, A.P.;Moreira, A.P.
Hollarek, T.;Hollarek, T.
Santos, J.L.;Santos, J.L.
Figueroa, J.;Figueroa, J.
Alcivar, R.;Alcivar, R.
Morera, Á.;Morera, Á.
Singh, P.;Singh, P.
Dawson, S.;Dawson, S.
Cordova-Villagomez, J.;Cordova-Villagomez, J.
Boratto, L.;Boratto, L.
Padilla-Lozano, C.;Padilla-Lozano, C.
Eras, L.;Eras, L.
Rocha, E.M.;Rocha, E.M.
Soriano, G.;Soriano, G.
Garcia, J.C.;Garcia, J.C.
Rodés, V.;Rodés, V.
Pambabay-Calero, J.J.;Pambabay-Calero, J.J.
Ayyanar, R.;Ayyanar, R.
Torres, D.;Torres, D.
de la Escalera, A.;de la Escalera, A.
Heaton, M.J.;Heaton, M.J.
Rodes, V.;Rodes, V.
Eslambolchilar, P.;Eslambolchilar, P.
Xie, D.;Xie, D.
Perez, R.;Perez, R.
Nicola, J.;Nicola, J.
Borbor Cordova, M.J.;Borbor Cordova, M.J.
Liao, W.;Liao, W.
De Kevser, R.;De Kevser, R.
Costa e Silva, A.;Costa e Silva, A.
Alvarado, A.;Alvarado, A.
Lucas-Marcillo, K.E.;Lucas-Marcillo, K.E.
Fraternali, P.;Fraternali, P.
Poujol, J.;Poujol, J.
James, P.;James, P.
Vélez, C.;Vélez, C.
Mustaro, P.N.;Mustaro, P.N.
Larrea, J.;Larrea, J.
Barra, W.;Barra, W.
Munoz, J.A.;Munoz, J.A.
Jácome-Ruiz, P.;Jácome-Ruiz, P.
Galarza Morales, C.E.;Galarza Morales, C.E.
Rodríguez-Vera, R.;Rodríguez-Vera, R.
Barrionuevo, O.;Barrionuevo, O.
Azócar, L.;Azócar, L.
Lasso, H.;Lasso, H.
López, D.R.;López, D.R.
Endy, T.P.;Endy, T.P.
Mundis, S.J.;Mundis, S.J.
Borges, E.;Borges, E.
A Lvarez, M.A.;A Lvarez, M.A.
Oviedo, I.D.;Oviedo, I.D.
Menéndez, J.M.;Menéndez, J.M.
Quimba-Herrera, S.;Quimba-Herrera, S.
J.M.;J.M.
Reyna-Bello, A.;Reyna-Bello, A.
Rivas, A.;Rivas, A.
Boza, E.;Boza, E.
Schlesinger, A.;Schlesinger, A.
Aller, J.M.;Aller, J.M.
Barba, M.F.;Barba, M.F.
Douglas, A.;Douglas, A.
Muñoz-Arcentles, A.;Muñoz-Arcentles, A.
Hernandez, J.;Hernandez, J.
Villamagua, O.P.;Villamagua, O.P.
Echeverría, G.;Echeverría, G.
Garzon-Chavez, D.;Garzon-Chavez, D.
Cechinel, C.;Cechinel, C.
Avendaño, A.;Avendaño, A.
Weibel, N.;Weibel, N.
Gutiérrez-Fernández, J.;Gutiérrez-Fernández, J.
Levent, A.;Levent, A.
Gallegos-Ayala, G.;Gallegos-Ayala, G.
Haz, L.;Haz, L.
Valle, D.;Valle, D.
Lopez-Pires, F.;Lopez-Pires, F.
Gummadi, K.P.;Gummadi, K.P.
Cordeiro, F.B.;Cordeiro, F.B.
Azócar, L.A.;Azócar, L.A.
Espinosa-García, M.;Espinosa-García, M.
Murillo, J.R.;Murillo, J.R.
Agila, W.;Agila, W.
Phan, Q.P.T.;Phan, Q.P.T.
Rodó, X.;Rodó, X.
Domínguez Ruiz, F.J.;Domínguez Ruiz, F.J.
Cevallos-Cevallos, J.;Cevallos-Cevallos, J.
Lucio, L.E.;Lucio, L.E.
Duarte-Martínez, V.;Duarte-Martínez, V.
Vivas-Cortez, M.;Vivas-Cortez, M.
Chilán, C.;Chilán, C.
Vielma, J.;Vielma, J.
Luzardo, G.;Luzardo, G.
Timms, K.P.;Timms, K.P.
Alves, G.R.;Alves, G.R.
Franco Barcia, A.E.;Franco Barcia, A.E.
Bracamonte, M.;Bracamonte, M.
Abad, C.;Abad, C.
Carpio, C.;Carpio, C.
Ortiz, M.;Ortiz, M.
Paillacho, D.;Paillacho, D.
Iosup, A.;Iosup, A.
Veriñaz, H.I.;Veriñaz, H.I.
Alves, G.P.;Alves, G.P.
Jimenez, W.G.;Jimenez, W.G.
Jiménes, K.;Jiménes, K.
Van Eyk, E.;Van Eyk, E.
April, A.;April, A.
Rodríguez-Triana, M.J.;Rodríguez-Triana, M.J.
Noboa, C.;Noboa, C.
Reyes, T.;Reyes, T.
Realpe, M.;Realpe, M.
Espinoza, J.R.;Espinoza, J.R.
Jaramillo, C.M.Z.;Jaramillo, C.M.Z.
Thomas, O.P.;Thomas, O.P.
Ochoa, D.;Ochoa, D.
Cevallos, H.;Cevallos, H.
Rodríguez-Echeverría, J.;Rodríguez-Echeverría, J.
Van Coillie, F.;Van Coillie, F.
Nandola, N.N.;Nandola, N.N.
Ramírez, F.;Ramírez, F.
Rottondi, C.;Rottondi, C.
Chavez, T.;Chavez, T.
Lo Turco, E.G.;Lo Turco, E.G.
Luong, H.;Luong, H.
Maya, R.;Maya, R.
Matamoros, D.;Matamoros, D.
Van Damme, P.;Van Damme, P.
Mendoza, L.E.;Mendoza, L.E.
Cevallos-Valdiviezo, H.;Cevallos-Valdiviezo, H.
Flores, M.;Flores, M.
Morales, L.E.M.;Morales, L.E.M.
Ouali, A.;Ouali, A.
Villavicencio, A.M.;Villavicencio, A.M.
Madrid, C.E.;Madrid, C.E.
Huilcapi, V.;Huilcapi, V.
Winter, J.M.;Winter, J.M.
Jácome, L.;Jácome, L.
Minh Nguyen, D.;Minh Nguyen, D.
Castillo-Lopez, G.;Castillo-Lopez, G.
Suárez, P.L.;Suárez, P.L.
Rodriguez, J.S.;Rodriguez, J.S.
Lu, Y.;Lu, Y.
Parra, J.G.;Parra, J.G.
Vera, C.R.M.;Vera, C.R.M.
Montes, H.;Montes, H.
Quigley, A.J.;Quigley, A.J.
Pelaez, E.;Pelaez, E.
Sappa, A.D.;Sappa, A.D.
Dominguez, F.;Dominguez, F.
Granda, R.X.;Granda, R.X.
Molina, M.F.;Molina, M.F.
Hernández, J.E.;Hernández, J.E.
Magallanes, J.;Magallanes, J.
Ortiz, J.;Ortiz, J.
Albo-Canals, J.;Albo-Canals, J.
Andrade, B.;Andrade, B.
Alcivar, I.;Alcivar, I.
Pastor, M.A.;Pastor, M.A.
Casas, A.P.;Casas, A.P.
Espinosa, S.R.;Espinosa, S.R.
Chalén, T.M.;Chalén, T.M.
Viteri, J.A.;Viteri, J.A.
Jin, J.J.;Jin, J.J.
Nieves, R.R.R.;Nieves, R.R.R.
Barahona, G.V.;Barahona, G.V.
Ayala, E.B.;Ayala, E.B.
Arango Isaza, R.E.;Arango Isaza, R.E.
Jordán, C.I.;Jordán, C.I.
Moens, M.-F.;Moens, M.-F.
Cardenas, W.;Cardenas, W.
Mendieta, J.;Mendieta, J.
Arreaga, N.X.;Arreaga, N.X.
Murillo, J.;Murillo, J.
Moncayo-Estrada, R.;Moncayo-Estrada, R.
Guamán, B.;Guamán, B.
Ramchurn, S.D.;Ramchurn, S.D.
Macias, J.;Macias, J.
Atkin, J.;Atkin, J.
Tsiligianni, E.;Tsiligianni, E.
Altamirano, C.A.;Altamirano, C.A.
Cedeno, J.;Cedeno, J.
Alvarez, M.A.;Alvarez, M.A.
Loayza, K.;Loayza, K.
Nunes, J.B.C.;Nunes, J.B.C.
Gürbüz, B.;Gürbüz, B.
Vélez, J.F.;Vélez, J.F.
Vilela, P.;Vilela, P.
Fraietta, R.;Fraietta, R.
Mehta, S.;Mehta, S.
Fiallos, C.;Fiallos, C.
Acevedo Pérez, O.R.;Acevedo Pérez, O.R.
Salvachua, J.;Salvachua, J.
Yoo, C.;Yoo, C.
Finkelstein, J.L.;Finkelstein, J.L.
Ocampo, J.;Ocampo, J.
Lee, S.;Lee, S.
Gonçalves, A.P.C.;Gonçalves, A.P.C.
Mckay, T.;Mckay, T.
Hidalgo, J.I.;Hidalgo, J.I.
Alonso, G.E.;Alonso, G.E.
Aray, Y.;Aray, Y.
Baquerizo, G.;Baquerizo, G.
Polhemus, M.;Polhemus, M.
Medina, J.;Medina, J.
Valdivieso, C.;Valdivieso, C.
Cedeno, V.;Cedeno, V.
Kao, I.;Kao, I.
Oviatt, S.;Oviatt, S.
Estrada, R.;Estrada, R.
Lagomarcino, A.J.;Lagomarcino, A.J.
Concha, A.G.;Concha, A.G.
Martin, C.A.;Martin, C.A.
Regato, M.;Regato, M.
Bosnic, I.;Bosnic, I.
Ochoa, A.;Ochoa, A.
MacArini, L.A.;MacArini, L.A.
Basanta, G.;Basanta, G.
Alvia, S.V.;Alvia, S.V.
Danev, L.;Danev, L.
Campbell, R.H.;Campbell, R.H.
Pita, O.;Pita, O.
Volk, M.;Volk, M.
García-Cerezo, A.;García-Cerezo, A.
Arce, V.A.;Arce, V.A.
Buyya, R.;Buyya, R.
Alcivar-Molina, E.;Alcivar-Molina, E.
Marin-Garcia, I.;Marin-Garcia, I.
Nguyen Thi, H.T.;Nguyen Thi, H.T.
Espinoza, H.;Espinoza, H.
Carrión, R.G.;Carrión, R.G.
Romero-Arguello, J.;Romero-Arguello, J.
Vishwanath, A.;Vishwanath, A.
Marchan, L.;Marchan, L.
Berrezueta, E.;Berrezueta, E.
Nicoli, M.;Nicoli, M.
Rivas, A.L.;Rivas, A.L.
Liu, Y.;Liu, Y.
Cai, C.X.;Cai, C.X.
Ho, T.;Ho, T.
Termote, C.;Termote, C.
Rivas, A.A.A.;Rivas, A.A.A.
Cajo, R.;Cajo, R.
Mejía, R.;Mejía, R.
Thompson, W.;Thompson, W.
Barbosa Cabral, C.;Barbosa Cabral, C.
Arguello, L.;Arguello, L.
Rodríguez, J.;Rodríguez, J.
Vera, K.;Vera, K.
Mubareka, S.;Mubareka, S.
Martín, C.A.;Martín, C.A.
Carvajal, J.A.;Carvajal, J.A.
Abad, A.G.;Abad, A.G.
Braganza, S.;Braganza, S.
Rosero, S.;Rosero, S.
Molenaar, I.;Molenaar, I.
González, J.;González, J.
Rabadan, J.;Rabadan, J.
Stoitsis, G.;Stoitsis, G.
Kobayashi, A.K.;Kobayashi, A.K.
DiSalvo, B.;DiSalvo, B.
Silveira, I.F.;Silveira, I.F.
Mendieta, M.;Mendieta, M.
Aguilar, P.A.;Aguilar, P.A.
Helguero, C.G.;Helguero, C.G.
Rider, M.J.;Rider, M.J.
Buil, M.P.;Buil, M.P.
Astaiza, E.;Astaiza, E.
Vivas, M.;Vivas, M.
Barba, M.S.;Barba, M.S.
Villacis, D.M.;Villacis, D.M.
Sánchez, J.R.P.;Sánchez, J.R.P.
Gawanmeh, A.;Gawanmeh, A.
Vélez, J.;Vélez, J.
Kim, T.-S.;Kim, T.-S.
Vanrolleghem, P.A.;Vanrolleghem, P.A.
Amaya, J.L.;Amaya, J.L.
Korinek, E.V.;Korinek, E.V.
Quelal, R.;Quelal, R.
Ryan, J.S.;Ryan, J.S.
Phatak, S.S.;Phatak, S.S.
Chong, A.S.E.;Chong, A.S.E.
Gomez, R.;Gomez, R.
Puyosa, H.;Puyosa, H.
Stewart, A.M.;Stewart, A.M.
Benavides, D.A.V.;Benavides, D.A.V.
Nightingale, R.;Nightingale, R.
Ortiz, D.;Ortiz, D.
Garcia, C.;Garcia, C.
Freigoun, M.T.;Freigoun, M.T.
Fiallos, A.;Fiallos, A.
Disalvo, B.;Disalvo, B.
Deligiannis, N.;Deligiannis, N.
King, D.;King, D.
Abarca, F.L.P.;Abarca, F.L.P.
Molina, M.;Molina, M.
Adams, M.A.;Adams, M.A.
Waggoner, J.;Waggoner, J.
León, K.;León, K.
Peralta, J.A.;Peralta, J.A.
Saad, M.;Saad, M.
Van Der Straeten, D.;Van Der Straeten, D.
Culasso, A.C.A.;Culasso, A.C.A.
Junior, W.B.;Junior, W.B.
Salazar, D.S.;Salazar, D.S.
Cedeno-Mieles, V.;Cedeno-Mieles, V.
Gilces, D.C.V.;Gilces, D.C.V.
Badia, S.;Badia, S.
Gallegos, D.C.;Gallegos, D.C.
Barzola, V.E.;Barzola, V.E.
Sanzogni, L.;Sanzogni, L.
Silva, C.;Silva, C.
Abad, C.L.;Abad, C.L.
Torres, J.;Torres, J.
Soria, X.;Soria, X.
Palma Olate, J.M.;Palma Olate, J.M.
Kortum, M.;Kortum, M.
Hernández-González, S.;Hernández-González, S.
Maya, R.D.;Maya, R.D.
Neira, M.;Neira, M.
De Oliveira, A.M.;De Oliveira, A.M.
Hu, Z.;Hu, Z.
Vaca, C.;Vaca, C.
Guzmán-Real, C.;Guzmán-Real, C.
Mera-Gómez, C.;Mera-Gómez, C.
Romero, J.A.;Romero, J.A.
Flores-Morán, E.;Flores-Morán, E.
Simon Chong Escobar, A.;Simon Chong Escobar, A.
Nolivos, I.;Nolivos, I.
Desiderio, K.;Desiderio, K.
Ullón, H.;Ullón, H.
Ortiz-Rojas, M.;Ortiz-Rojas, M.
Bezemer, C.-P.;Bezemer, C.-P.
Jin, J.;Jin, J.
Shum, S.B.;Shum, S.B.
Kouki, A.;Kouki, A.
Crow, J.J.;Crow, J.J.
Parmar, S.;Parmar, S.
García, V.A.;García, V.A.
Van Echelpoel, W.;Van Echelpoel, W.
Lucas, P.;Lucas, P.
Zuo, L.;Zuo, L.
Siegmund, S.;Siegmund, S.
Mizouni, R.;Mizouni, R.
Encalada, A.;Encalada, A.
Brito, J.;Brito, J.
Rugel, G.M.V.;Rugel, G.M.V.
Vela, E.M.;Vela, E.M.
Revelo, H.V.;Revelo, H.V.
Kumar, N.;Kumar, N.
Del Rosario, E.;Del Rosario, E.
Onkarappa, N.;Onkarappa, N.
Power, T.;Power, T.
Paéz Chávez, J.;Paéz Chávez, J.
Spagnolini, U.;Spagnolini, U.
Calderón, C.;Calderón, C.
Sprock, A.S.;Sprock, A.S.
Frizera, A.;Frizera, A.
Ing, J.;Ing, J.
Mialhe, E.;Mialhe, E.
Añazco, E.V.;Añazco, E.V.
Guevara, P.;Guevara, P.
Manzoni, A.;Manzoni, A.
Diaz, N.;Diaz, N.
Hurel, J.;Hurel, J.
Medina, C.V.;Medina, C.V.
Troussier, N.;Troussier, N.
Alvarez-Alvarado, M.S.;Alvarez-Alvarado, M.S.
Urquizo, J.;Urquizo, J.
Greer, J.;Greer, J.
Botto-Tobar, M.;Botto-Tobar, M.
Molina-Miranda, M.;Molina-Miranda, M.
Vlacic, L.;Vlacic, L.
Stewart, M.;Stewart, M.
Recalde, L.;Recalde, L.
Villegas, P.;Villegas, P.
Wijaya, K.P.;Wijaya, K.P.
Pinto, C.M.A.;Pinto, C.M.A.
Parrales, J.;Parrales, J.
Tome, A.M.;Tome, A.M.
Merceron, A.;Merceron, A.
Omar, N.;Omar, N.
Lock, K.;Lock, K.
Barreto, M.V.S.;Barreto, M.V.S.
Ferrus, R.;Ferrus, R.
Bernal, G.V.S.;Bernal, G.V.S.
Marcillo, K.E.L.;Marcillo, K.E.L.
Pardo, A.;Pardo, A.
Rubini, L.;Rubini, L.
Astudillo, G.;Astudillo, G.
Ilhan, S.;Ilhan, S.
Aragon, H.;Aragon, H.
Ville, S.S.;Ville, S.S.
Astudillo, E.;Astudillo, E.
Vandeputte, B.;Vandeputte, B.
Cobo, M.J.;Cobo, M.J.
San-Lucas, C.;San-Lucas, C.
Alvizu, R.;Alvizu, R.
Hekler, E.B.;Hekler, E.B.
Alonso, S.S.;Alonso, S.S.
Soto, V.;Soto, V.
Akhrif, O.;Akhrif, O.
Díaz, P.;Díaz, P.
Karusala, N.;Karusala, N.
Quimis, M.;Quimis, M.
Nogueira, F.G.;Nogueira, F.G.
Plaza, J.A.;Plaza, J.A.
Richter, A.;Richter, A.
Ortiz, K.;Ortiz, K.
Mayr, C.;Mayr, C.
Plata, W.;Plata, W.
Lopez, S.;Lopez, S.
Lira, I.;Lira, I.
Goethals, P.L.;Goethals, P.L.
Dominguez-Granda, L.E.;Dominguez-Granda, L.E.
Gomez, J.;Gomez, J.
Vintimilla, B.X.;Vintimilla, B.X.
Philips, W.;Philips, W.
Savazzi, S.;Savazzi, S.
Wang, X.;Wang, X.
Fampa, P.;Fampa, P.
Aiello, L.M.;Aiello, L.M.
Freire, J.J.;Freire, J.J.
Son, D.T.;Son, D.T.
Gutiérrez, F.;Gutiérrez, F.
Romero, D.G.;Romero, D.G.
Derntl, M.;Derntl, M.
Pizurica, A.;Pizurica, A.
Bustamante, J.C.;Bustamante, J.C.
Salazar, K.;Salazar, K.
Padilla, V.S.;Padilla, V.S.
Chiluiza, K.;Chiluiza, K.
Barreiro, C.M.M.;Barreiro, C.M.M.
Suarez, P.L.;Suarez, P.L.
Sánchez, Á.;Sánchez, Á.
Fricke, N.;Fricke, N.
Valcke, M.;Valcke, M.
Velasquez, W.;Velasquez, W.
Takano, K.;Takano, K.
Carvajal Ayala, J.A.;Carvajal Ayala, J.A.
Salgado, W.G.;Salgado, W.G.
Puga, H.J.;Puga, H.J.
Cárdenas, W.B.;Cárdenas, W.B.
De Tré, G.;De Tré, G.
Idrovo, R.M.;Idrovo, R.M.
Pincay, J.;Pincay, J.
Soncini-Sessa, R.;Soncini-Sessa, R.
Jiron, M.G.L.;Jiron, M.G.L.
Galindo-Villardón, M.P.;Galindo-Villardón, M.P.
Romero, J.;Romero, J.
Villavicencio, J.;Villavicencio, J.
Ordóñez-Enireb, E.;Ordóñez-Enireb, E.
Castro, R.;Castro, R.
Seabra Lopes, L.;Seabra Lopes, L.
Guerra, J.;Guerra, J.
Jiménez, A.;Jiménez, A.
Bonilla, R.I.;Bonilla, R.I.
Gray, M.L.;Gray, M.L.
Bronselaer, A.;Bronselaer, A.
Dziong, Z.;Dziong, Z.
Bozhko, S.;Bozhko, S.
Merentes, N.;Merentes, N.
Espin-Pazmiño, L.;Espin-Pazmiño, L.
Furdea, A.;Furdea, A.
Páez Chávez, J.;Páez Chávez, J.
Aviles, J.C.;Aviles, J.C.
Loayza, F.;Loayza, F.
Galindo Villardón, M.P.;Galindo Villardón, M.P.
Braeken, A.;Braeken, A.
Gonzalez, A.;Gonzalez, A.
Bauz-Olvera, S.A.;Bauz-Olvera, S.A.
Amaya, J.;Amaya, J.
Ferrús, R.;Ferrús, R.
Verbert, K.;Verbert, K.
Eismann, S.;Eismann, S.
Peña, P.;Peña, P.
Bandyopadhyay, D.;Bandyopadhyay, D.
Anastacio, J.A.R.;Anastacio, J.A.R.
Goode, W.;Goode, W.
Diaz, J.;Diaz, J.
Verticale, G.;Verticale, G.
Castro, D.;Castro, D.
Ochoa, X.;Ochoa, X.
Fernández, M.N.P.;Fernández, M.N.P.
Ordóñez, V.;Ordóñez, V.
Viteri, E.J.;Viteri, E.J.
Roberts, N.;Roberts, N.
Copot, C.;Copot, C.
Jadan, H.I.V.;Jadan, H.I.V.
Martinez-Maldonado, R.;Martinez-Maldonado, R.
O'Ryan, M.;O'Ryan, M.
Barzola-Monteses, J.;Barzola-Monteses, J.
Jennings, L.;Jennings, L.
Ordóñez-Casado, B.;Ordóñez-Casado, B.
Ferrin, A.;Ferrin, A.
Estrada, R.L.;Estrada, R.L.
Sen, R.;Sen, R.
Beltrán-Ayala, E.;Beltrán-Ayala, E.
Torres, M.A.R.;Torres, M.A.R.
Hidasi, B.;Hidasi, B.
Yanez, W.;Yanez, W.
Turco, E.G.L.;Turco, E.G.L.
Flor, H.;Flor, H.
Snoeck, M.;Snoeck, M.
Birbaumer, N.;Birbaumer, N.
D'Amico, M.;D'Amico, M.
De Lourdes Pilay, M.;De Lourdes Pilay, M.
Soekadar, S.R.;Soekadar, S.R.
Solomon, A.;Solomon, A.
Palma O.;Palma O.
Abreu, T.W.M.;Abreu, T.W.M.
Ulloa López, L.P.;Ulloa López, L.P.
Cabezas, M.K.V.;Cabezas, M.K.V.
Jurado, D.;Jurado, D.
Petrova, D.;Petrova, D.
Chalen, T.M.;Chalen, T.M.
Barzola, J.;Barzola, J.
Cortez, D.;Cortez, D.
Akbarinia, A.;Akbarinia, A.
Méndez, G.;Méndez, G.
Eitzen, H.;Eitzen, H.
Perlikowski, P.;Perlikowski, P.
Semanjski, I.;Semanjski, I.
Cabezas, M.V.;Cabezas, M.V.
Ramos, B.;Ramos, B.
De Mol, R.;De Mol, R.
Chalén, M.;Chalén, M.
Coque, S.;Coque, S.
Montani, D.A.;Montani, D.A.
Cevallos, O.;Cevallos, O.
Jaramillo, K.B.;Jaramillo, K.B.
Buestán Benavides, M.;Buestán Benavides, M.
Churchman, M.;Churchman, M.
Ponguillo, R.A.;Ponguillo, R.A.
Van Aelst, S.;Van Aelst, S.
Jojoa, P.;Jojoa, P.
Carlos, M.Á.B.;Carlos, M.Á.B.
Aumala, G.;Aumala, G.
Dramico, M.;Dramico, M.
Bonchi, F.;Bonchi, F.
Rea, F.M.;Rea, F.M.
Montoya, A.;Montoya, A.
Bentahar, J.;Bentahar, J.
Lemos dos Santos, H.;Lemos dos Santos, H.
Hidalgo-Leon, R.;Hidalgo-Leon, R.
Hinrichs, U.;Hinrichs, U.
Gorotiza, J.;Gorotiza, J.
Castillo, G.;Castillo, G.
Martínez-Maldonado, R.;Martínez-Maldonado, R.
Yuan, M.;Yuan, M.
Martínez, A.;Martínez, A.
Kapitaniak, M.;Kapitaniak, M.
Canizares, M.R.;Canizares, M.R.
Vivas-Cortez, M.J.;Vivas-Cortez, M.J.
Velásquez, W.;Velásquez, W.
Parra, D.;Parra, D.
Byun, K.;Byun, K.
Wiercigroch, M.;Wiercigroch, M.
Parra, G.;Parra, G.
Van Landeghem, H.;Van Landeghem, H.
López, C.;López, C.
Rengifo, J.;Rengifo, J.
Castro-Valladares, L.;Castro-Valladares, L.
Otrok, H.;Otrok, H.
Cevallos, J.;Cevallos, J.
Saltos, G.;Saltos, G.
Cocea, M.;Cocea, M.
Buckingham Shum, S.;Buckingham Shum, S.
Ramirez, F.;Ramirez, F.
Pinargote, A.;Pinargote, A.
Aguilera, C.;Aguilera, C.
Ramirez-Aguilera, A.M.;Ramirez-Aguilera, A.M.
Duque-Rivera, J.;Duque-Rivera, J.
Díaz, M.;Díaz, M.
Lara, P.;Lara, P.
Zou, J.;Zou, J.
Karr, A.F.;Karr, A.F.
Lachat, C.;Lachat, C.
Souza, M.;Souza, M.
Mena, L.;Mena, L.
Miño, M.F.;Miño, M.F.
Angulo, C.;Angulo, C.
Gautama, S.;Gautama, S.
Pundir, M.;Pundir, M.
Quito-Avila, D.;Quito-Avila, D.
Stewart-Ibarra, A.M.;Stewart-Ibarra, A.M.
Vergara, C.;Vergara, C.
